year,month,day,rainfall,status,date
2024,1,1,14.0,Moderate,2024-01-01
2024,1,2,16.0,Moderate,2024-01-02
2024,1,3,15.0,Moderate,2024-01-03
2024,1,4,1.5,None,2024-01-04
2024,1,5,2.5,Low,2024-01-05
2024,1,6,0.4,None,2024-01-06
2024,1,7,2.3,Low,2024-01-07
2024,1,8,0.2,None,2024-01-08
2024,1,9,15.0,Moderate,2024-01-09
2024,1,10,3.8,Low,2024-01-10
2024,1,11,4.0,Low,2024-01-11
2024,1,12,7.6,Low,2024-01-12
2024,1,13,4.1,Low,2024-01-13
2024,1,14,8.1,Low,2024-01-14
2024,1,15,11.0,Moderate,2024-01-15
2024,1,16,2.8,Low,2024-01-16
2024,1,17,17.0,Moderate,2024-01-17
2024,1,18,18.0,Moderate,2024-01-18
2024,1,19,14.0,Moderate,2024-01-19
2024,1,20,4.3,Low,2024-01-20
2024,1,21,21.0,Moderate,2024-01-21
2024,1,22,19.0,Moderate,2024-01-22
2024,1,23,35.0,High,2024-01-23
2024,1,24,5.0,Low,2024-01-24
2024,1,25,2.3,Low,2024-01-25
2024,1,26,2.7,Low,2024-01-26
2024,1,27,9.4,Low,2024-01-27
2024,1,28,22.0,Moderate,2024-01-28
2024,1,29,21.0,Moderate,2024-01-29
2024,1,30,10.0,Moderate,2024-01-30
2024,1,31,14.0,Moderate,2024-01-31
2024,2,1,0.0,None,2024-02-01
2024,2,2,40.0,High,2024-02-02
2024,2,3,0.0,None,2024-02-03
2024,2,4,15.0,Moderate,2024-02-04
2024,2,5,0.6,None,2024-02-05
2024,2,6,10.0,Moderate,2024-02-06
2024,2,7,0.0,None,2024-02-07
2024,2,8,0.0,None,2024-02-08
2024,2,9,0.0,None,2024-02-09
2024,2,10,0.0,None,2024-02-10
2024,2,11,0.0,None,2024-02-11
2024,2,12,6.0,Low,2024-02-12
2024,2,13,4.0,Low,2024-02-13
2024,2,14,144.0,Heavy,2024-02-14
2024,2,15,10.0,Moderate,2024-02-15
2024,2,16,0.0,None,2024-02-16
2024,2,17,18.0,Moderate,2024-02-17
2024,2,18,0.0,None,2024-02-18
2024,2,19,0.0,None,2024-02-19
2024,2,20,0.0,None,2024-02-20
2024,2,21,0.2,None,2024-02-21
2024,2,22,3.0,Low,2024-02-22
2024,2,23,0.0,None,2024-02-23
2024,2,24,0.2,None,2024-02-24
2024,2,25,8.0,Low,2024-02-25
2024,2,26,19.0,Moderate,2024-02-26
2024,2,27,0.0,None,2024-02-27
2024,2,28,43.0,High,2024-02-28
2024,2,29,107.0,Heavy,2024-02-29
2024,3,1,0.0,None,2024-03-01
2024,3,2,17.0,Moderate,2024-03-02
2024,3,3,7.0,Low,2024-03-03
2024,3,4,1.0,None,2024-03-04
2024,3,5,0.0,None,2024-03-05
2024,3,6,3.0,Low,2024-03-06
2024,3,7,0.0,None,2024-03-07
2024,3,8,0.0,None,2024-03-08
2024,3,9,51.0,Heavy,2024-03-09
2024,3,10,0.0,None,2024-03-10
2024,3,11,26.0,High,2024-03-11
2024,3,12,0.0,None,2024-03-12
2024,3,13,21.0,Moderate,2024-03-13
2024,3,14,11.0,Moderate,2024-03-14
2024,3,15,29.0,High,2024-03-15
2024,3,16,20.0,Moderate,2024-03-16
2024,3,17,27.0,High,2024-03-17
2024,3,18,0.3,None,2024-03-18
2024,3,19,0.0,None,2024-03-19
2024,3,20,0.0,None,2024-03-20
2024,3,21,0.0,None,2024-03-21
2024,3,22,67.0,Heavy,2024-03-22
2024,3,23,0.0,None,2024-03-23
2024,3,24,0.0,None,2024-03-24
2024,3,25,0.0,None,2024-03-25
2024,3,26,0.2,None,2024-03-26
2024,3,27,0.4,None,2024-03-27
2024,3,28,2.1,Low,2024-03-28
2024,3,29,2.1,Low,2024-03-29
2024,3,30,8.5,Low,2024-03-30
2024,3,31,6.7,Low,2024-03-31
2024,4,1,4.5,Low,2024-04-01
2024,4,2,1.0,None,2024-04-02
2024,4,3,6.0,Low,2024-04-03
2024,4,4,0.0,None,2024-04-04
2024,4,5,3.0,Low,2024-04-05
2024,4,6,0.0,None,2024-04-06
2024,4,7,0.0,None,2024-04-07
2024,4,8,0.0,None,2024-04-08
2024,4,9,0.0,None,2024-04-09
2024,4,10,0.7,None,2024-04-10
2024,4,11,0.0,None,2024-04-11
2024,4,12,40.0,High,2024-04-12
2024,4,13,0.0,None,2024-04-13
2024,4,14,0.0,None,2024-04-14
2024,4,15,1.0,None,2024-04-15
2024,4,16,0.0,None,2024-04-16
2024,4,17,27.0,High,2024-04-17
2024,4,18,0.0,None,2024-04-18
2024,4,19,0.0,None,2024-04-19
2024,4,20,0.0,None,2024-04-20
2024,4,21,0.0,None,2024-04-21
2024,4,22,0.0,None,2024-04-22
2024,4,23,0.0,None,2024-04-23
2024,4,24,5.0,Low,2024-04-24
2024,4,25,8.0,Low,2024-04-25
2024,4,26,0.4,None,2024-04-26
2024,4,27,0.8,None,2024-04-27
2024,4,28,1.0,None,2024-04-28
2024,4,29,0.0,None,2024-04-29
2024,4,30,0.0,None,2024-04-30
2024,5,1,3.6,Low,2024-05-01
2024,5,2,0.9,None,2024-05-02
2024,5,3,0.0,None,2024-05-03
2024,5,4,0.0,None,2024-05-04
2024,5,5,0.0,None,2024-05-05
2024,5,6,0.0,None,2024-05-06
2024,5,7,0.0,None,2024-05-07
2024,5,8,0.1,None,2024-05-08
2024,5,9,0.0,None,2024-05-09
2024,5,10,0.0,None,2024-05-10
2024,5,11,0.0,None,2024-05-11
2024,5,12,0.0,None,2024-05-12
2024,5,13,0.0,None,2024-05-13
2024,5,14,27.0,High,2024-05-14
2024,5,15,2.0,Low,2024-05-15
2024,5,16,0.0,None,2024-05-16
2024,5,17,0.0,None,2024-05-17
2024,5,18,0.0,None,2024-05-18
2024,5,19,0.0,None,2024-05-19
2024,5,20,0.0,None,2024-05-20
2024,5,21,0.0,None,2024-05-21
2024,5,22,0.0,None,2024-05-22
2024,5,23,0.0,None,2024-05-23
2024,5,24,0.0,None,2024-05-24
2024,5,25,6.0,Low,2024-05-25
2024,5,26,0.0,None,2024-05-26
2024,5,27,0.0,None,2024-05-27
2024,5,28,0.0,None,2024-05-28
2024,5,29,0.0,None,2024-05-29
2024,5,30,0.0,None,2024-05-30
2024,5,31,0.0,None,2024-05-31
2024,6,1,3.6,Low,2024-06-01
2024,6,2,0.9,None,2024-06-02
2024,6,3,0.0,None,2024-06-03
2024,6,4,0.0,None,2024-06-04
2024,6,5,0.0,None,2024-06-05
2024,6,6,0.0,None,2024-06-06
2024,6,7,0.0,None,2024-06-07
2024,6,8,0.1,None,2024-06-08
2024,6,9,0.0,None,2024-06-09
2024,6,10,0.0,None,2024-06-10
2024,6,11,0.0,None,2024-06-11
2024,6,12,0.0,None,2024-06-12
2024,6,13,0.0,None,2024-06-13
2024,6,14,27.0,High,2024-06-14
2024,6,15,2.0,Low,2024-06-15
2024,6,16,0.0,None,2024-06-16
2024,6,17,0.0,None,2024-06-17
2024,6,18,0.0,None,2024-06-18
2024,6,19,0.0,None,2024-06-19
2024,6,20,0.0,None,2024-06-20
2024,6,21,0.0,None,2024-06-21
2024,6,22,0.0,None,2024-06-22
2024,6,23,0.0,None,2024-06-23
2024,6,24,0.0,None,2024-06-24
2024,6,25,6.0,Low,2024-06-25
2024,6,26,0.0,None,2024-06-26
2024,6,27,0.0,None,2024-06-27
2024,6,28,0.0,None,2024-06-28
2024,6,29,0.0,None,2024-06-29
2024,6,30,0.0,None,2024-06-30
2024,7,1,0.0,None,2024-07-01
2024,7,2,0.6,None,2024-07-02
2024,7,3,3.0,Low,2024-07-03
2024,7,4,14.0,Moderate,2024-07-04
2024,7,5,4.0,Low,2024-07-05
2024,7,6,60.0,Heavy,2024-07-06
2024,7,7,0.0,None,2024-07-07
2024,7,8,26.0,High,2024-07-08
2024,7,9,28.0,High,2024-07-09
2024,7,10,0.0,None,2024-07-10
2024,7,11,0.0,None,2024-07-11
2024,7,12,0.0,None,2024-07-12
2024,7,13,0.0,None,2024-07-13
2024,7,14,0.0,None,2024-07-14
2024,7,15,0.0,None,2024-07-15
2024,7,16,0.0,None,2024-07-16
2024,7,17,0.0,None,2024-07-17
2024,7,18,0.0,None,2024-07-18
2024,7,19,0.0,None,2024-07-19
2024,7,20,0.0,None,2024-07-20
2024,7,21,0.0,None,2024-07-21
2024,7,22,0.0,None,2024-07-22
2024,7,23,0.0,None,2024-07-23
2024,7,24,0.0,None,2024-07-24
2024,7,25,0.0,None,2024-07-25
2024,7,26,0.0,None,2024-07-26
2024,7,27,0.0,None,2024-07-27
2024,7,28,0.0,None,2024-07-28
2024,7,29,0.0,None,2024-07-29
2024,7,30,0.0,None,2024-07-30
2024,7,31,0.0,None,2024-07-31
2024,8,1,0.0,None,2024-08-01
2024,8,2,3.0,Low,2024-08-02
2024,8,3,0.0,None,2024-08-03
2024,8,4,0.2,None,2024-08-04
2024,8,5,5.0,Low,2024-08-05
2024,8,6,0.0,None,2024-08-06
2024,8,7,0.0,None,2024-08-07
2024,8,8,0.0,None,2024-08-08
2024,8,9,0.0,None,2024-08-09
2024,8,10,0.0,None,2024-08-10
2024,8,11,0.0,None,2024-08-11
2024,8,12,0.2,None,2024-08-12
2024,8,13,0.0,None,2024-08-13
2024,8,14,0.0,None,2024-08-14
2024,8,15,0.0,None,2024-08-15
2024,8,16,0.0,None,2024-08-16
2024,8,17,0.0,None,2024-08-17
2024,8,18,0.0,None,2024-08-18
2024,8,19,0.0,None,2024-08-19
2024,8,20,0.0,None,2024-08-20
2024,8,21,0.0,None,2024-08-21
2024,8,22,0.0,None,2024-08-22
2024,8,23,0.0,None,2024-08-23
2024,8,24,0.0,None,2024-08-24
2024,8,25,0.0,None,2024-08-25
2024,8,26,0.0,None,2024-08-26
2024,8,27,0.0,None,2024-08-27
2024,8,28,0.0,None,2024-08-28
2024,8,29,0.0,None,2024-08-29
2024,8,30,0.0,None,2024-08-30
2024,8,31,0.0,None,2024-08-31
2024,9,1,0.0,None,2024-09-01
2024,9,2,0.0,None,2024-09-02
2024,9,3,0.0,None,2024-09-03
2024,9,4,0.0,None,2024-09-04
2024,9,5,0.0,None,2024-09-05
2024,9,6,0.0,None,2024-09-06
2024,9,7,0.0,None,2024-09-07
2024,9,8,0.0,None,2024-09-08
2024,9,9,11.0,Moderate,2024-09-09
2024,9,10,11.0,Moderate,2024-09-10
2024,9,11,0.0,None,2024-09-11
2024,9,12,8.0,Low,2024-09-12
2024,9,13,0.0,None,2024-09-13
2024,9,14,0.0,None,2024-09-14
2024,9,15,0.0,None,2024-09-15
2024,9,16,0.0,None,2024-09-16
2024,9,17,0.0,None,2024-09-17
2024,9,18,0.0,None,2024-09-18
2024,9,19,0.0,None,2024-09-19
2024,9,20,0.0,None,2024-09-20
2024,9,21,0.0,None,2024-09-21
2024,9,22,0.0,None,2024-09-22
2024,9,23,0.0,None,2024-09-23
2024,9,24,2.0,Low,2024-09-24
2024,9,25,46.0,High,2024-09-25
2024,9,26,28.0,High,2024-09-26
2024,9,27,27.0,High,2024-09-27
2024,9,28,0.0,None,2024-09-28
2024,9,29,0.0,None,2024-09-29
2024,9,30,0.0,None,2024-09-30
2024,10,1,0.0,None,2024-10-01
2024,10,2,0.0,None,2024-10-02
2024,10,3,0.0,None,2024-10-03
2024,10,4,0.0,None,2024-10-04
2024,10,5,0.0,None,2024-10-05
2024,10,6,0.0,None,2024-10-06
2024,10,7,0.0,None,2024-10-07
2024,10,8,0.0,None,2024-10-08
2024,10,9,0.0,None,2024-10-09
2024,10,10,0.0,None,2024-10-10
2024,10,11,0.0,None,2024-10-11
2024,10,12,0.0,None,2024-10-12
2024,10,13,0.0,None,2024-10-13
2024,10,14,1.1,None,2024-10-14
2024,10,15,1.0,None,2024-10-15
2024,10,16,0.0,None,2024-10-16
2024,10,17,0.0,None,2024-10-17
2024,10,18,0.0,None,2024-10-18
2024,10,19,0.0,None,2024-10-19
2024,10,20,0.0,None,2024-10-20
2024,10,21,0.0,None,2024-10-21
2024,10,22,0.0,None,2024-10-22
2024,10,23,0.0,None,2024-10-23
2024,10,24,47.0,High,2024-10-24
2024,10,25,9.0,Low,2024-10-25
2024,10,26,4.0,Low,2024-10-26
2024,10,27,0.0,None,2024-10-27
2024,10,28,0.0,None,2024-10-28
2024,10,29,0.0,None,2024-10-29
2024,10,30,0.0,None,2024-10-30
2024,10,31,0.0,None,2024-10-31
2024,11,1,0.0,None,2024-11-01
2024,11,2,0.0,None,2024-11-02
2024,11,3,0.0,None,2024-11-03
2024,11,4,0.0,None,2024-11-04
2024,11,5,0.0,None,2024-11-05
2024,11,6,0.0,None,2024-11-06
2024,11,7,0.0,None,2024-11-07
2024,11,8,0.0,None,2024-11-08
2024,11,9,0.0,None,2024-11-09
2024,11,10,0.0,None,2024-11-10
2024,11,11,0.0,None,2024-11-11
2024,11,12,0.0,None,2024-11-12
2024,11,13,0.0,None,2024-11-13
2024,11,14,1.1,None,2024-11-14
2024,11,15,1.0,None,2024-11-15
2024,11,16,0.0,None,2024-11-16
2024,11,17,0.0,None,2024-11-17
2024,11,18,0.0,None,2024-11-18
2024,11,19,0.0,None,2024-11-19
2024,11,20,0.0,None,2024-11-20
2024,11,21,0.0,None,2024-11-21
2024,11,22,0.0,None,2024-11-22
2024,11,23,0.0,None,2024-11-23
2024,11,24,47.0,High,2024-11-24
2024,11,25,9.0,Low,2024-11-25
2024,11,26,4.0,Low,2024-11-26
2024,11,27,0.0,None,2024-11-27
2024,11,28,0.0,None,2024-11-28
2024,11,29,0.0,None,2024-11-29
2024,11,30,0.0,None,2024-11-30
2024,12,1,0.3,None,2024-12-01
2024,12,2,29.0,High,2024-12-02
2024,12,3,4.0,Low,2024-12-03
2024,12,4,4.8,Low,2024-12-04
2024,12,5,27.0,High,2024-12-05
2024,12,6,24.0,Moderate,2024-12-06
2024,12,7,24.0,Moderate,2024-12-07
2024,12,8,6.0,Low,2024-12-08
2024,12,9,17.0,Moderate,2024-12-09
2024,12,10,11.0,Moderate,2024-12-10
2024,12,11,0.2,None,2024-12-11
2024,12,12,1.0,None,2024-12-12
2024,12,13,0.0,None,2024-12-13
2024,12,14,0.0,None,2024-12-14
2024,12,15,20.0,Moderate,2024-12-15
2024,12,16,0.0,None,2024-12-16
2024,12,17,7.0,Low,2024-12-17
2024,12,18,2.2,Low,2024-12-18
2024,12,19,47.0,High,2024-12-19
2024,12,20,16.0,Moderate,2024-12-20
2024,12,21,2.8,Low,2024-12-21
2024,12,22,25.0,Moderate,2024-12-22
2024,12,23,43.0,High,2024-12-23
2024,12,24,14.0,Moderate,2024-12-24
2024,12,25,7.0,Low,2024-12-25
2024,12,26,4.0,Low,2024-12-26
2024,12,27,0.0,None,2024-12-27
2024,12,28,0.0,None,2024-12-28
2024,12,29,0.0,None,2024-12-29
2024,12,30,1.0,None,2024-12-30
2024,12,31,1.6,None,2024-12-31
2025,1,1,4.7,Low,2025-01-01
2025,1,2,7.0,Low,2025-01-02
2025,1,3,12.0,Moderate,2025-01-03
2025,1,4,23.0,Moderate,2025-01-04
2025,1,5,5.2,Low,2025-01-05
2025,1,6,1.6,None,2025-01-06
2025,1,7,4.6,Low,2025-01-07
2025,1,8,7.1,Low,2025-01-08
2025,1,9,4.8,Low,2025-01-09
2025,1,10,5.4,Low,2025-01-10
2025,1,11,22.0,Moderate,2025-01-11
2025,1,12,1.7,None,2025-01-12
2025,1,13,3.2,Low,2025-01-13
2025,1,14,0.9,None,2025-01-14
2025,1,15,0.1,None,2025-01-15
2025,1,16,0.9,None,2025-01-16
2025,1,17,9.3,Low,2025-01-17
2025,1,18,3.7,Low,2025-01-18
2025,1,19,1.7,None,2025-01-19
2025,1,20,3.9,Low,2025-01-20
2025,1,21,12.0,Moderate,2025-01-21
2025,1,22,2.1,Low,2025-01-22
2025,1,23,3.7,Low,2025-01-23
2025,1,24,16.0,Moderate,2025-01-24
2025,1,25,11.0,Moderate,2025-01-25
2025,1,26,1.0,None,2025-01-26
2025,1,27,0.8,None,2025-01-27
2025,1,28,11.0,Moderate,2025-01-28
2025,1,29,2.6,Low,2025-01-29
2025,1,30,6.7,Low,2025-01-30
2025,1,31,35.0,High,2025-01-31
2025,2,1,1.0,None,2025-02-01
2025,2,2,1.3,None,2025-02-02
2025,2,3,0.0,None,2025-02-03
2025,2,4,1.0,None,2025-02-04
2025,2,5,0.0,None,2025-02-05
2025,2,6,14.0,Moderate,2025-02-06
2025,2,7,11.0,Moderate,2025-02-07
2025,2,8,161.0,Heavy,2025-02-08
2025,2,9,0.3,None,2025-02-09
2025,2,10,0.6,None,2025-02-10
2025,2,11,1.5,None,2025-02-11
2025,2,12,0.0,None,2025-02-12
2025,2,13,0.0,None,2025-02-13
2025,2,14,0.0,None,2025-02-14
2025,2,15,2.0,Low,2025-02-15
2025,2,16,0.6,None,2025-02-16
2025,2,17,28.0,High,2025-02-17
2025,2,18,0.5,None,2025-02-18
2025,2,19,23.0,Moderate,2025-02-19
2025,2,20,1.0,None,2025-02-20
2025,2,21,1.0,None,2025-02-21
2025,2,22,7.0,Low,2025-02-22
2025,2,23,4.2,Low,2025-02-23
2025,2,24,84.0,Heavy,2025-02-24
2025,2,25,0.0,None,2025-02-25
2025,2,26,0.0,None,2025-02-26
2025,2,27,8.0,Low,2025-02-27
2025,2,28,2.4,Low,2025-02-28
2025,3,1,2.0,Low,2025-03-01
2025,3,2,0.0,None,2025-03-02
2025,3,3,0.0,None,2025-03-03
2025,3,4,41.0,High,2025-03-04
2025,3,5,0.0,None,2025-03-05
2025,3,6,0.0,None,2025-03-06
2025,3,7,0.0,None,2025-03-07
2025,3,8,0.0,None,2025-03-08
2025,3,9,0.0,None,2025-03-09
2025,3,10,0.0,None,2025-03-10
2025,3,11,0.0,None,2025-03-11
2025,3,12,0.0,None,2025-03-12
2025,3,13,0.0,None,2025-03-13
2025,3,14,29.0,High,2025-03-14
2025,3,15,0.2,None,2025-03-15
2025,3,16,0.0,None,2025-03-16
2025,3,17,31.0,High,2025-03-17
2025,3,18,11.0,Moderate,2025-03-18
2025,3,19,0.2,None,2025-03-19
2025,3,20,0.4,None,2025-03-20
2025,3,21,0.2,None,2025-03-21
2025,3,22,14.0,Moderate,2025-03-22
2025,3,23,0.0,None,2025-03-23
2025,3,24,0.0,None,2025-03-24
2025,3,25,4.8,Low,2025-03-25
2025,3,26,0.1,None,2025-03-26
2025,3,27,4.0,Low,2025-03-27
2025,3,28,1.0,None,2025-03-28
2025,3,29,0.8,None,2025-03-29
2025,3,30,0.0,None,2025-03-30
2025,3,31,12.0,Moderate,2025-03-31
2025,4,1,21.0,Moderate,2025-04-01
2025,4,2,15.0,Moderate,2025-04-02
2025,4,3,1.0,None,2025-04-03
2025,4,4,0.2,None,2025-04-04
2025,4,5,0.0,None,2025-04-05
2025,4,6,57.0,Heavy,2025-04-06
2025,4,7,0.0,None,2025-04-07
2025,4,8,0.0,None,2025-04-08
2025,4,9,0.0,None,2025-04-09
2025,4,10,0.0,None,2025-04-10
2025,4,11,0.0,None,2025-04-11
2025,4,12,0.6,None,2025-04-12
2025,4,13,25.0,High,2025-04-13
2025,4,14,2.0,Low,2025-04-14
2025,4,15,0.0,None,2025-04-15
2025,4,16,0.0,None,2025-04-16
2025,4,17,3.0,Low,2025-04-17
2025,4,18,3.0,Low,2025-04-18
2025,4,19,0.0,None,2025-04-19
2025,4,20,1.0,None,2025-04-20
2025,4,21,0.0,None,2025-04-21
2025,4,22,0.0,None,2025-04-22
2025,4,23,9.0,Low,2025-04-23
2025,4,24,0.0,None,2025-04-24
2025,4,25,0.4,None,2025-04-25
2025,4,26,12.0,Moderate,2025-04-26
2025,4,27,0.0,None,2025-04-27
2025,4,28,0.0,None,2025-04-28
2025,4,29,16.0,Moderate,2025-04-29
2025,4,30,0.0,None,2025-04-30
2025,5,1,0.0,None,2025-05-01
2025,5,2,0.6,None,2025-05-02
2025,5,3,4.0,Low,2025-05-03
2025,5,4,0.0,None,2025-05-04
2025,5,5,0.0,None,2025-05-05
2025,5,6,0.0,None,2025-05-06
2025,5,7,0.0,None,2025-05-07
2025,5,8,0.0,None,2025-05-08
2025,5,9,0.0,None,2025-05-09
2025,5,10,0.0,None,2025-05-10
2025,5,11,0.0,None,2025-05-11
2025,5,12,0.0,None,2025-05-12
2025,5,13,10.0,Moderate,2025-05-13
2025,5,14,2.0,Low,2025-05-14
2025,5,15,15.0,Moderate,2025-05-15
2025,5,16,0.0,None,2025-05-16
2025,5,17,17.0,Moderate,2025-05-17
2025,5,18,1.0,None,2025-05-18
2025,5,19,12.0,Moderate,2025-05-19
2025,5,20,0.0,None,2025-05-20
2025,5,21,14.0,Moderate,2025-05-21
2025,5,22,25.0,High,2025-05-22
2025,5,23,10.0,Moderate,2025-05-23
2025,5,24,0.0,None,2025-05-24
2025,5,25,0.0,None,2025-05-25
2025,5,26,0.4,None,2025-05-26
2025,5,27,0.0,None,2025-05-27
2025,5,28,0.0,None,2025-05-28
2025,5,29,61.0,Heavy,2025-05-29
2025,5,30,0.6,None,2025-05-30
2025,5,31,0.2,None,2025-05-31
2025,6,1,0.0,None,2025-06-01
2025,6,2,0.0,None,2025-06-02
2025,6,3,0.1,None,2025-06-03
2025,6,4,4.0,Low,2025-06-04
2025,6,5,0.0,None,2025-06-05
2025,6,6,41.0,High,2025-06-06
2025,6,7,0.0,None,2025-06-07
2025,6,8,0.0,None,2025-06-08
2025,6,9,0.0,None,2025-06-09
2025,6,10,26.0,High,2025-06-10
2025,6,11,0.0,None,2025-06-11
2025,6,12,0.1,None,2025-06-12
2025,6,13,0.0,None,2025-06-13
2025,6,14,22.0,Moderate,2025-06-14
2025,6,15,0.0,None,2025-06-15
2025,6,16,0.0,None,2025-06-16
2025,6,17,46.0,High,2025-06-17
2025,6,18,30.0,High,2025-06-18
2025,6,19,0.0,None,2025-06-19
2025,6,20,15.0,Moderate,2025-06-20
2025,6,21,4.0,Low,2025-06-21
2025,6,22,0.1,None,2025-06-22
2025,6,23,0.0,None,2025-06-23
2025,6,24,0.0,None,2025-06-24
2025,6,25,0.0,None,2025-06-25
2025,6,26,0.0,None,2025-06-26
2025,6,27,0.0,None,2025-06-27
2025,6,28,23.0,Moderate,2025-06-28
2025,6,29,0.6,None,2025-06-29
2025,6,30,2.0,Low,2025-06-30
2025,7,1,38.0,High,2025-07-01
2025,7,2,7.0,Low,2025-07-02
2025,7,3,6.0,Low,2025-07-03
2025,7,4,0.0,None,2025-07-04
2025,7,5,26.0,High,2025-07-05
2025,7,6,57.0,Heavy,2025-07-06
2025,7,7,55.0,Heavy,2025-07-07
2025,7,8,11.0,Moderate,2025-07-08
2025,7,9,0.0,None,2025-07-09
2025,7,10,0.0,None,2025-07-10
2025,7,11,0.0,None,2025-07-11
2025,7,12,0.0,None,2025-07-12
2025,7,13,0.0,None,2025-07-13
2025,7,14,0.0,None,2025-07-14
2025,7,15,0.0,None,2025-07-15
2025,7,16,0.0,None,2025-07-16
2025,7,17,0.0,None,2025-07-17
2025,7,18,0.0,None,2025-07-18
2025,7,19,0.0,None,2025-07-19
2025,7,20,0.0,None,2025-07-20
2025,7,21,3.0,Low,2025-07-21
2025,7,22,0.0,None,2025-07-22
2025,7,23,0.0,None,2025-07-23
2025,7,24,0.0,None,2025-07-24
2025,7,25,0.0,None,2025-07-25
2025,7,26,0.0,None,2025-07-26
2025,7,27,0.0,None,2025-07-27
2025,7,28,18.0,Moderate,2025-07-28
2025,7,29,0.0,None,2025-07-29
2025,7,30,0.0,None,2025-07-30
2025,7,31,0.6,None,2025-07-31
2025,8,1,0.0,None,2025-08-01
2025,8,2,0.0,None,2025-08-02
2025,8,3,0.0,None,2025-08-03
2025,8,4,1.2,None,2025-08-04
2025,8,5,18.0,Moderate,2025-08-05
2025,8,6,0.0,None,2025-08-06
2025,8,7,10.0,Moderate,2025-08-07
2025,8,8,0.6,None,2025-08-08
2025,8,9,0.0,None,2025-08-09
2025,8,10,0.0,None,2025-08-10
2025,8,11,0.0,None,2025-08-11
2025,8,12,33.0,High,2025-08-12
2025,8,13,8.0,Low,2025-08-13
2025,8,14,2.0,Low,2025-08-14
2025,8,15,0.4,None,2025-08-15
2025,8,16,0.0,None,2025-08-16
2025,8,17,0.0,None,2025-08-17
2025,8,18,4.1,Low,2025-08-18
2025,8,19,10.0,Moderate,2025-08-19
2025,8,20,3.4,Low,2025-08-20
2025,8,21,0.0,None,2025-08-21
2025,8,22,0.2,None,2025-08-22
2025,8,23,0.6,None,2025-08-23
2025,8,24,0.2,None,2025-08-24
2025,8,25,9.0,Low,2025-08-25
2025,8,26,0.1,None,2025-08-26
2025,8,27,0.0,None,2025-08-27
2025,8,28,1.0,None,2025-08-28
2025,8,29,2.8,Low,2025-08-29
2025,8,30,3.9,Low,2025-08-30
2025,8,31,5.6,Low,2025-08-31
2025,9,1,0.0,None,2025-09-01
2025,9,2,0.0,None,2025-09-02
2025,9,3,0.0,None,2025-09-03
2025,9,4,0.0,None,2025-09-04
2025,9,5,4.5,Low,2025-09-05
2025,9,6,14.0,Moderate,2025-09-06
2025,9,7,0.4,None,2025-09-07
2025,9,8,0.9,None,2025-09-08
2025,9,9,7.5,Low,2025-09-09
2025,9,10,5.3,Low,2025-09-10
2025,9,11,23.0,Moderate,2025-09-11
2025,9,12,11.0,Moderate,2025-09-12
2025,9,13,3.5,Low,2025-09-13
2025,9,14,0.7,None,2025-09-14
2025,9,15,0.4,None,2025-09-15
2025,9,16,6.2,Low,2025-09-16
2025,9,17,13.0,Moderate,2025-09-17
2025,9,18,2.8,Low,2025-09-18
2025,9,19,15.0,Moderate,2025-09-19
2025,9,20,7.8,Low,2025-09-20
2025,9,21,1.8,None,2025-09-21
2025,9,22,1.4,None,2025-09-22
2025,9,23,1.9,None,2025-09-23
2025,9,24,0.0,None,2025-09-24
2025,9,25,0.7,None,2025-09-25
2025,9,26,0.2,None,2025-09-26
2025,9,27,2.5,Low,2025-09-27
2025,9,28,1.4,None,2025-09-28
2025,9,29,25.0,Moderate,2025-09-29
2025,9,30,3.9,Low,2025-09-30
2025,10,1,6.7,Low,2025-10-01
2025,10,2,28.0,High,2025-10-02
2025,10,3,2.5,Low,2025-10-03
2025,10,4,0.5,None,2025-10-04
2025,10,5,3.2,Low,2025-10-05
2025,10,6,4.6,Low,2025-10-06
2025,10,7,15.0,Moderate,2025-10-07
2025,10,8,2.8,Low,2025-10-08
2025,10,9,0.4,None,2025-10-09
2025,10,10,0.5,None,2025-10-10
2025,10,11,0.6,None,2025-10-11
2025,10,12,0.7,None,2025-10-12
2025,10,13,11.0,Moderate,2025-10-13
2025,10,14,2.2,Low,2025-10-14
2025,10,15,1.8,None,2025-10-15
2025,10,16,4.0,Low,2025-10-16
2025,10,17,15.0,Moderate,2025-10-17
2025,10,18,2.5,Low,2025-10-18
2025,10,19,0.8,None,2025-10-19
2025,10,20,2.1,Low,2025-10-20
2025,10,21,4.0,Low,2025-10-21
2025,10,22,6.4,Low,2025-10-22
2025,10,23,6.5,Low,2025-10-23
2025,10,24,52.0,Heavy,2025-10-24
2025,10,25,6.0,Low,2025-10-25
2025,10,26,16.0,Moderate,2025-10-26
2025,10,27,1.9,None,2025-10-27
2025,10,28,19.0,Moderate,2025-10-28
2025,10,29,15.0,Moderate,2025-10-29
2025,10,30,5.7,Low,2025-10-30
2025,10,31,2.8,Low,2025-10-31
2025,11,1,2.1,Low,2025-11-01
2025,11,2,6.6,Low,2025-11-02
2025,11,3,12.0,Moderate,2025-11-03
2025,11,4,2.3,Low,2025-11-04
2025,11,5,0.7,None,2025-11-05
2025,11,6,3.0,Low,2025-11-06
2025,11,7,1.9,None,2025-11-07
2025,11,8,18.0,Moderate,2025-11-08
2025,11,9,0.5,None,2025-11-09
2025,11,10,2.1,Low,2025-11-10
2025,11,11,17.0,Moderate,2025-11-11
2025,11,12,17.0,Moderate,2025-11-12
2025,11,13,12.0,Moderate,2025-11-13
2025,11,14,6.6,Low,2025-11-14
2025,11,15,4.0,Low,2025-11-15
2025,11,16,3.2,Low,2025-11-16
2025,11,17,0.6,None,2025-11-17
2025,11,18,20.0,Moderate,2025-11-18
2025,11,19,2.6,Low,2025-11-19
2025,11,20,24.0,Moderate,2025-11-20
2025,11,21,1.9,None,2025-11-21
2025,11,22,1.0,None,2025-11-22
2025,11,23,2.9,Low,2025-11-23
2025,11,24,0.5,None,2025-11-24
2025,11,25,0.0,None,2025-11-25
2025,11,26,0.3,None,2025-11-26
2025,11,27,1.6,None,2025-11-27
2025,11,28,0.0,None,2025-11-28
2025,11,29,0.5,None,2025-11-29
2025,11,30,5.2,Low,2025-11-30
2025,12,1,4.7,Low,2025-12-01
2025,12,2,7.0,Low,2025-12-02
2025,12,3,12.0,Moderate,2025-12-03
2025,12,4,23.0,Moderate,2025-12-04
2025,12,5,5.2,Low,2025-12-05
2025,12,6,1.6,None,2025-12-06
2025,12,7,4.6,Low,2025-12-07
2025,12,8,7.1,Low,2025-12-08
2025,12,9,4.8,Low,2025-12-09
2025,12,10,5.4,Low,2025-12-10
2025,12,11,22.0,Moderate,2025-12-11
2025,12,12,1.7,None,2025-12-12
2025,12,13,3.2,Low,2025-12-13
2025,12,14,0.9,None,2025-12-14
2025,12,15,0.1,None,2025-12-15
2025,12,16,0.9,None,2025-12-16
2025,12,17,9.3,Low,2025-12-17
2025,12,18,3.7,Low,2025-12-18
2025,12,19,1.7,None,2025-12-19
2025,12,20,3.9,Low,2025-12-20
2025,12,21,12.0,Moderate,2025-12-21
2025,12,22,2.1,Low,2025-12-22
2025,12,23,3.7,Low,2025-12-23
2025,12,24,16.0,Moderate,2025-12-24
2025,12,25,11.0,Moderate,2025-12-25
2025,12,26,1.0,None,2025-12-26
2025,12,27,0.8,None,2025-12-27
2025,12,28,11.0,Moderate,2025-12-28
2025,12,29,2.6,Low,2025-12-29
2025,12,30,6.7,Low,2025-12-30
2025,12,31,35.0,High,2025-12-31
